Biomarker,Predicted_Class,Confidence
0,0.67416734,
1,0.68803275,
2,0.6744915,
3,0.7225797,
